Profiller,Environment,ET_BGSEP,ET_OBJID,ET_OBJCAT,ET_OBJTRK,ET_EVTRK,Total time
0.183902301,1.0429009000000007,0.3865852010000008,0.7192609989999996,0.024096299999999963,0.0007422999999999987,0.0005386000000000043,33.975385578
