Profiller,Environment,ET_BGSEP,ET_OBJID,ET_OBJCAT,ET_OBJTRK,ET_EVTRK,ET_FLTR,Total time
0.267692301,2.344584108999999,0.4318783009999996,0.860134301,0.02368300000000006,0.14189059999999987,0.0768778000000001,0.010452299999999982,34.139407826
