Profiller,Environment,ET_BGSEP,ET_OBJID,ET_OBJCAT,ET_OBJTRK,ET_EVTRK,Total time
0.687769183,1.3179240210000012,0.6157489600000001,1.0586006629999996,0.12137427799999992,0.6171642630000006,0.2739705519999999,35.922560843
