Profiller,Environment,ET_BGSEP,ET_OBJID,ET_OBJCAT,ET_OBJTRK,ET_EVTRK,Total time
0.299392514,1.0856482520000001,0.40833671500000035,0.7404639280000003,0.025037099999999948,0.0006503000000000021,0.0004917000000000067,34.407524598
