Profiller,Environment,ET_BGSEP,ET_OBJID,ET_OBJCAT,ET_OBJTRK,ET_EVTRK,Total time
0.955717187,2.6115715750000073,1.2253173930000003,2.089055814,0.24152098500000002,1.220779893999999,0.5383556570000009,69.360326651
