Profiller,Environment,ET_BGSEP,ET_OBJID,ET_OBJCAT,ET_OBJTRK,ET_EVTRK,Total time
0.325498698,2.7161442760000036,0.9613186900000011,1.8263717900000023,0.050195799000000055,0.001134199999999982,0.0009621999999999771,67.09454743
