Profiller,Environment,ET_BGSEP,ET_OBJID,ET_OBJCAT,ET_OBJTRK,ET_EVTRK,ET_FLTR,Total time
0.479365201,5.213949818999994,0.9419030040000002,1.9045025030000005,0.049973600000000035,0.3113364999999998,0.16578560099999975,0.022676599999999936,67.572507126
