Profiller,Environment,ET_BGSEP,ET_OBJID,ET_OBJCAT,ET_OBJTRK,ET_EVTRK,Total time
0.471151193,5.204008123000006,1.806610680000002,3.5636081090000022,0.003306400000000002,0.002048898999999981,0.0032190000000000157,100.566091632
