Profiller,Environment,ET_BGSEP,ET_OBJID,ET_OBJCAT,ET_OBJTRK,ET_EVTRK,Total time
1.001214632,4.101203986000007,1.574155690999999,3.1296964960000033,0.3831148,1.9456599679999989,0.006559100000000029,101.487833372
