Profiller,Environment,ET_BGSEP,ET_OBJID,ET_OBJCAT,ET_OBJTRK,ET_EVTRK,ET_FLTR,Total time
0.764783199,10.763878571000008,1.9369696780000007,3.9274176410000003,0.10230499899999972,0.6462839950000008,0.3440228009999999,0.0473884980000002,134.339387803
