Profiller,Environment,ET_BGSEP,ET_OBJID,ET_OBJCAT,ET_OBJTRK,ET_EVTRK,Total time
0.589745889,7.096722726000003,2.4684113370000036,4.884688321000005,0.00461399999999997,0.0029550989999999533,0.004503999999999992,133.872017449
