Profiller,Environment,ET_BGSEP,ET_OBJID,ET_OBJCAT,ET_OBJTRK,ET_EVTRK,Total time
1.512018075,18.45547772899994,3.540937980000005,6.798903998999975,0.14012249899999968,1.1351055799999956,0.6483334990000005,268.317825429
