Profiller,Environment,ET_BGSEP,ET_OBJID,ET_OBJCAT,ET_OBJTRK,ET_EVTRK,Total time
1.8162994870000002,20.719245737999948,3.970081579999999,7.6340888009999714,0.1573636989999994,1.2795648799999926,0.7311192990000008,301.859456108
