Profiller,Environment,ET_BGSEP,ET_OBJID,ET_OBJCAT,ET_OBJTRK,ET_EVTRK,ET_FLTR,RL Agent,Total time
0.0,2.3431078080000014,0.5146538030000002,0.9448326039999988,0.02927660000000002,0.1564154000000002,0.08962589999999988,0.03307640000000004,2.680427204,19.996759842
