Profiller,Environment,ET_BGSEP,ET_OBJID,ET_OBJCAT,ET_OBJTRK,ET_EVTRK,ET_FLTR,RL Agent,Total time
0.0,1.9768860890000002,0.4449315940000003,0.8332984920000006,0.024552600000000004,0.13463309899999992,0.07362709999999999,0.030705900000000015,1.9810814859999986,20.979419132
