Profiller,Environment,ET_BGSEP,ET_OBJID,ET_OBJCAT,ET_OBJTRK,ET_EVTRK,ET_FLTR,RL Agent,Total time
0.0,2.4413092389999997,0.2973760910000002,0.5914280850000003,0.013756399999999986,0.087439397,0.10310209600000012,0.014814999999999998,0.43903379100000006,16.139474617
