Profiller,Environment,ET_BGSEP,ET_OBJID,ET_OBJCAT,ET_OBJTRK,ET_EVTRK,ET_FLTR,RL Agent,Total time
0.0,6.359919857999981,0.4924271209999993,0.9499563200000005,0.023026800999999975,0.0683145010000001,0.07843500000000002,0.033766699999999955,0.2983498069999998,96.43332552
