Profiller,Environment,ET_BGSEP,ET_OBJID,ET_OBJCAT,ET_OBJTRK,ET_EVTRK,ET_FLTR,RL Agent,Total time
0.414114193,344.24069171399515,53.26268093099973,76.59808821600188,2.1949236889995953,4.060344193999548,5.144365107999128,2.0955399059994173,855.1935257319967,1530.767322646
