Profiller,Environment,ET_BGSEP,ET_OBJID,ET_OBJCAT,ET_OBJTRK,ET_EVTRK,ET_FLTR,RL Agent,Total time
0.912064202,22.55383161700003,4.834219884999975,9.023836928000016,0.2673053010000008,1.5121648190000032,0.8513961159999998,0.3175389049999993,53.37385723999993,117.362217384
