Profiller,Environment,ET_BGSEP,ET_OBJID,ET_OBJCAT,ET_OBJTRK,ET_EVTRK,ET_FLTR,RL Agent,Total time
1.103079403,42.689161662999986,9.306026895000013,17.34263754500002,0.515806901000009,2.8709817219999842,1.6265525150000033,0.6065527060000002,127.3438088330007,237.770754661
