Profiller,Environment,ET_BGSEP,ET_OBJID,ET_OBJCAT,ET_OBJTRK,ET_EVTRK,ET_FLTR,RL Agent,Total time
3.057878892,718.519426397009,113.5743791349969,160.91172998800337,4.715992600998623,8.66101748399845,10.712728919998632,4.420568703997847,2672.881959070975,4080.57909252
