Profiller,Environment,ET_BGSEP,ET_OBJID,ET_OBJCAT,ET_OBJTRK,ET_EVTRK,ET_FLTR,RL Agent,Total time
1.3207834029999999,63.235473462000044,13.891833172000075,25.874932504000032,0.7708756000000103,4.253341716999985,2.413728811999969,0.9001833050000113,202.43018113900104,359.95220313
