Profiller,Environment,ET_BGSEP,ET_OBJID,ET_OBJCAT,ET_OBJTRK,ET_EVTRK,ET_FLTR,RL Agent,Total time
1.522616303,83.56934138799939,18.37597745800021,34.359104477999914,1.024426500000022,5.626425712999934,3.204696407999918,1.1922308040000273,277.9714994000003,481.947144548
