Profiller,Environment,ET_BGSEP,ET_OBJID,ET_OBJCAT,ET_OBJTRK,ET_EVTRK,ET_FLTR,RL Agent,Total time
1.756747003,104.13521855399964,22.900973550000145,42.944382165999556,1.287343000000034,7.022693412999901,4.006551106999883,1.493590403000032,357.4750368569989,608.81133854
