Profiller,Environment,ET_BGSEP,ET_OBJID,ET_OBJCAT,ET_OBJTRK,ET_EVTRK,ET_FLTR,RL Agent,Total time
1.953217402,124.51757021799956,27.417427405000197,51.443464179999744,1.553275698000053,8.425752903999815,4.817159199000001,1.7881555000000444,435.6014459789968,733.795182862
