Profiller,Environment,ET_BGSEP,ET_OBJID,ET_OBJCAT,ET_OBJTRK,ET_EVTRK,ET_FLTR,RL Agent,Total time
2.156763498,144.77826501899992,31.86580026800018,59.91591511799952,1.8114939960000696,9.810852396999849,5.605605393000114,2.0800629970000224,514.8592020739967,859.628841631
