Profiller,Environment,ET_BGSEP,ET_OBJID,ET_OBJCAT,ET_OBJTRK,ET_EVTRK,ET_FLTR,RL Agent,Total time
2.4965157940000005,165.30929927399978,36.34426383800022,68.45904824999901,2.078087496000073,11.201427125999874,6.406249203000207,2.380319400999957,593.2164440400028,984.79617535
