Profiller,Environment,ET_BGSEP,ET_OBJID,ET_OBJCAT,ET_OBJTRK,ET_EVTRK,ET_FLTR,RL Agent,Total time
2.7331566850000004,185.63499756200028,40.80672312600023,77.03189970499851,2.344761902000001,12.611304958999867,7.209913423000275,2.674888706999906,673.8595550320032,1112.22269623
